{"scaleX":0.1724137931034483,"scaleY":0.2,"worldX0":411.79999999999995,"worldY0":-70}