{"scaleX":0.1724137931034483,"scaleY":0.2,"worldX0":719.1999999999999,"worldY0":-10}